api_football_id,name,firstname,lastname,norm_name,nationality,age,club,position,appearances,starts,minutes,starter_rate,goals,assists,shots_total,shots_on_target,key_passes,dribbles_success,tackles_total,tackles_blocks,interceptions,duels_won,yellow_cards,yellowred_cards,red_cards,saves,goals_conceded,penalties_won,penalties_missed,penalties_saved,fouls_drawn,fouls_committed,rating
,,,,,,,Liverpool,Midfielder,36,32,2765,0.889,7,5,54,21,53,34,28,4,13,162,3,0,0,0,0,1,0,0,44,42,6.89
,,,,,,,Liverpool,Goalkeeper,26,26,2351,1.0,0,0,0,0,0,0,0,0,0,11,1,0,0,57,29,0,0,0,7,1,6.78
,,,,,,,Liverpool,Defender,21,7,644,0.333,0,2,5,1,6,3,10,2,9,26,4,0,0,0,0,0,0,0,0,14,6.57
,,,,,,,Liverpool,Defender,24,11,1188,0.458,1,0,4,3,20,3,12,3,8,30,0,0,0,0,0,0,0,0,1,4,6.74
,,,,,,,Liverpool,Defender,38,38,3431,1.0,6,0,26,14,12,2,22,26,28,216,4,0,0,0,0,0,0,0,18,19,7.28
,,,,,,,Liverpool,Midfielder,34,18,1961,0.529,1,2,16,7,21,22,40,6,18,102,2,0,0,0,0,0,0,0,29,17,6.85
,,,,,,,Liverpool,Midfielder,27,23,2148,0.852,7,7,45,19,49,19,17,1,4,60,1,0,0,0,0,0,0,0,16,10,6.93
,,,,,,,Liverpool,Midfielder,36,36,3244,1.0,6,7,47,23,78,26,55,8,30,130,8,0,1,0,0,0,1,0,30,41,7.19
,,,,,,,Liverpool,Defender,36,36,3100,1.0,1,0,9,4,8,5,53,24,28,220,7,0,0,0,0,0,0,0,41,33,7.07
,,,,,,,Liverpool,Midfielder,37,31,2686,0.838,2,4,32,12,36,11,53,9,21,113,7,0,0,0,0,0,0,0,32,35,6.71
,,,,,,,Liverpool,Midfielder,8,1,206,0.125,0,1,0,0,1,0,7,0,0,18,1,0,0,0,0,0,0,0,3,2,6.73
,,,,,,,Liverpool,Midfielder,1,0,8,0.0,0,0,0,0,0,0,0,0,0,0,0,0,0,0,0,0,0,0,0,0,6.5
,,,,,,,Liverpool,Goalkeeper,10,10,868,1.0,0,0,0,0,0,0,1,0,1,5,0,0,0,34,18,0,0,1,2,1,6.74
,,,,,,,Liverpool,Attacker,26,1,400,0.038,2,1,11,5,3,2,8,2,4,20,3,0,0,0,0,0,0,0,7,11,6.58
,,,,,,,Liverpool,Defender,21,12,1079,0.571,0,1,6,2,15,18,11,0,6,57,1,0,0,0,0,0,0,0,21,8,6.75
,,,,,,,Liverpool,Attacker,28,21,1810,0.75,11,4,48,19,21,38,11,2,3,92,0,0,0,0,0,0,0,0,12,35,6.93
,,,,,,,Liverpool,Midfielder,33,27,2399,0.818,5,3,32,18,61,39,34,2,11,99,1,0,0,0,0,0,0,0,19,22,6.81
,,,,,,,Liverpool,Defender,34,27,2301,0.794,2,1,7,2,26,12,41,8,14,114,4,0,0,0,0,0,0,0,30,22,6.62
,,,,,,,Liverpool,Midfielder,6,0,47,0.0,0,0,1,0,1,0,1,0,0,1,0,0,0,0,0,0,0,0,0,1,6.53
,,,,,,,Bournemouth,Midfielder,25,21,1778,0.84,2,2,8,6,7,6,50,9,33,93,8,0,0,0,0,0,0,0,13,35,6.85
,,,,,,,Bournemouth,Defender,37,37,3290,1.0,0,5,13,5,24,6,62,47,55,196,8,0,0,0,0,1,0,0,37,34,7.24
,,,,,,,Bournemouth,Defender,22,14,1095,0.636,0,2,0,0,5,1,15,9,9,39,3,0,0,0,0,0,0,0,11,19,6.54
,,,,,,,Bournemouth,Midfielder,31,13,1220,0.419,1,3,31,13,26,17,19,0,4,55,7,0,0,0,0,0,0,0,13,11,6.66
,,,,,,,Bournemouth,Midfielder,34,31,2738,0.912,7,4,51,24,55,39,40,6,17,138,6,0,0,0,0,0,0,0,35,30,6.84
,,,,,,,Bournemouth,Midfielder,20,20,1798,1.0,10,3,42,27,25,33,28,3,6,121,6,0,0,0,0,0,1,0,14,38,7.13
,,,,,,,Bournemouth,Defender,29,22,2120,0.759,0,3,10,2,13,2,39,15,39,166,5,0,0,0,0,0,0,0,13,17,6.98
,,,,,,,Bournemouth,Defender,18,15,1286,0.833,0,0,1,0,3,0,20,5,12,60,1,0,0,0,0,0,0,0,5,8,6.66
,,,,,,,Bournemouth,Midfielder,1,0,16,0.0,0,1,0,0,1,0,1,0,0,1,0,0,0,0,0,0,0,0,0,0,6.3
,,,,,,,Bournemouth,Goalkeeper,38,38,3420,1.0,0,0,0,0,0,0,0,0,0,23,3,0,0,109,50,0,0,0,2,0,6.87
,,,,,,,Bournemouth,Attacker,36,32,2759,0.889,6,1,57,22,31,16,13,6,8,113,2,0,0,0,0,2,0,0,37,26,6.61
,,,,,,,Bournemouth,Defender,38,38,3380,1.0,1,5,11,6,32,33,103,10,48,212,5,0,0,0,0,0,0,0,32,39,6.83
,,,,,,,Bournemouth,Midfielder,37,34,2859,0.919,3,1,30,13,28,29,60,15,36,185,5,0,0,0,0,0,0,0,60,45,7.08
,,,,,,,Bournemouth,Defender,3,0,34,0.0,0,0,0,0,0,0,1,0,0,3,0,0,0,0,0,0,0,0,2,2,6.4
,,,,,,,Bournemouth,Attacker,33,21,1690,0.636,13,0,33,22,22,15,9,0,9,44,5,0,0,0,0,0,0,0,12,27,6.8
,,,,,,,Bournemouth,Midfielder,1,0,13,0.0,0,0,0,0,0,0,0,0,0,0,0,0,0,0,0,0,0,0,0,0,6.2
,,,,,,,Liverpool,Attacker,19,5,582,0.263,2,1,12,6,16,29,4,1,3,45,0,0,0,0,0,0,0,0,12,4,6.98
,,,,,,,Aston Villa,Attacker,21,5,680,0.238,4,1,21,9,7,8,4,0,0,21,0,0,0,0,0,0,0,0,6,2,6.6
,,,,,,,Aston Villa,Midfielder,18,17,1418,0.944,1,3,4,4,15,14,37,8,18,116,5,0,0,0,0,0,0,0,30,17,7.11
,,,,,,,Aston Villa,Defender,31,21,1866,0.677,0,6,8,5,26,4,36,4,14,87,3,0,0,0,0,0,0,0,12,14,6.78
,,,,,,,Aston Villa,Midfielder,25,21,1874,0.84,0,4,17,7,32,9,58,14,18,129,0,0,0,0,0,0,0,0,41,25,7.21
,,,,,,,Aston Villa,Midfielder,36,21,1796,0.583,6,2,36,13,30,9,49,4,13,124,6,0,0,0,0,0,0,0,45,41,6.85
,,,,,,,Aston Villa,Midfielder,37,37,3285,1.0,10,6,58,32,47,42,42,3,13,158,7,0,0,0,0,0,0,0,49,46,6.84
,,,,,,,Aston Villa,Defender,17,15,1335,0.882,0,0,5,1,5,2,5,9,11,54,1,0,0,0,0,0,0,0,9,10,6.69
,,,,,,,Aston Villa,Midfielder,30,28,2169,0.933,5,4,21,12,41,19,29,5,12,107,5,0,0,0,0,0,0,0,48,31,6.95
,,,,,,,Aston Villa,Defender,35,34,3032,0.971,3,3,22,10,31,11,66,14,22,137,9,0,0,0,0,0,0,0,30,41,6.84
,,,,,,,Aston Villa,Defender,34,34,3036,1.0,0,0,7,2,5,8,22,29,22,100,0,0,1,0,0,0,0,0,40,11,7.0
,,,,,,,Aston Villa,Attacker,37,33,2864,0.892,16,3,60,38,23,26,22,2,6,116,4,0,0,0,0,0,0,0,32,35,6.87
,,,,,,,Aston Villa,Goalkeeper,7,6,597,0.857,0,0,0,0,0,0,0,0,0,2,2,0,0,19,10,0,0,0,1,1,6.54
,,,,,,,Aston Villa,Defender,21,18,1688,0.857,0,0,8,1,1,7,22,18,11,59,1,0,0,0,0,0,0,0,5,7,6.9
,,,,,,,Aston Villa,Attacker,13,6,597,0.462,0,1,7,5,4,7,18,3,1,44,0,0,0,0,0,0,0,0,12,11,6.41
,,,,,,,Aston Villa,Defender,30,17,1627,0.567,0,1,14,5,26,21,43,1,19,101,2,0,0,0,0,0,0,0,19,17,6.59
,,,,,,,Aston Villa,Midfielder,25,21,1788,0.84,2,0,15,7,7,7,48,17,24,121,3,0,0,0,0,0,0,0,25,20,7.03
,,,,,,,Aston Villa,Defender,28,11,1104,0.393,0,0,0,0,2,2,26,6,5,57,5,0,0,0,0,0,0,0,20,17,6.57
,,,,,,,Aston Villa,Midfielder,1,0,8,0.0,0,0,0,0,0,0,0,0,0,1,0,0,0,0,0,0,0,0,1,0,6.7
,,,,,,,Newcastle,Defender,21,18,1592,0.857,0,1,2,0,28,4,26,1,9,72,3,0,0,0,0,0,0,0,19,22,6.71
,,,,,,,Newcastle,Midfielder,27,23,1953,0.852,2,1,23,11,17,16,43,3,29,149,10,0,0,0,0,0,0,0,27,47,6.8
,,,,,,,Newcastle,Defender,16,11,1091,0.688,0,0,13,4,4,0,14,12,18,66,1,0,0,0,0,0,0,0,6,15,7.12
,,,,,,,Newcastle,Defender,1,1,45,1.0,0,0,0,0,0,0,0,0,0,0,0,0,0,0,0,0,0,0,0,1,5.9
,,,,,,,Newcastle,Midfielder,29,27,2455,0.931,9,5,36,23,46,18,62,3,15,168,6,0,0,0,0,2,0,0,75,45,7.47
,,,,,,,Newcastle,Attacker,37,19,1970,0.514,7,1,39,21,24,13,14,1,3,57,1,0,0,0,0,0,0,0,23,17,6.77
,,,,,,,Newcastle,Goalkeeper,27,27,2426,1.0,0,0,1,1,0,0,1,0,0,17,2,0,0,89,38,0,0,0,2,1,6.94
,,,,,,,Newcastle,Defender,29,25,2209,0.862,1,2,7,3,7,2,40,12,21,151,10,1,0,0,0,1,0,0,13,36,6.59
,,,,,,,Newcastle,Midfielder,33,19,1627,0.576,3,2,28,13,23,21,16,4,6,57,2,0,0,0,0,0,0,0,13,9,6.71
,,,,,,,Newcastle,Goalkeeper,12,11,1003,0.917,0,0,0,0,1,0,0,0,0,6,2,0,0,25,17,0,0,0,1,0,6.61
,,,,,,,Newcastle,Midfielder,35,31,2543,0.886,0,2,19,8,32,19,35,7,30,107,4,0,0,0,0,0,0,0,42,24,6.95
,,,,,,,Newcastle,Defender,25,21,1847,0.84,1,1,11,4,8,4,22,26,27,132,2,0,0,0,0,0,0,0,19,13,7.04
,,,,,,,Newcastle,Attacker,26,24,1817,0.923,6,2,37,20,26,33,19,0,3,101,3,0,1,0,0,1,0,0,40,13,7.08
,,,,,,,Newcastle,Attacker,32,14,1347,0.438,0,1,12,4,15,13,14,0,3,65,0,0,0,0,0,0,0,0,25,8,6.57
,,,,,,,Newcastle,Defender,17,14,1328,0.824,0,1,1,0,11,14,22,2,6,61,1,0,0,0,0,0,0,0,16,7,6.8
,,,,,,,Newcastle,Defender,35,33,2973,0.943,4,0,20,14,6,8,44,33,30,176,4,0,0,0,0,0,0,0,11,24,7.04
,,,,,,,Newcastle,Defender,30,24,2188,0.8,1,1,14,6,25,37,54,14,28,158,4,0,0,0,0,0,0,0,41,17,6.88
,,,,,,,Newcastle,Attacker,24,8,863,0.333,7,0,16,12,6,8,6,1,1,39,0,0,0,0,0,0,0,0,16,24,6.8
,,,,,,,Newcastle,Midfielder,23,15,1494,0.652,1,4,8,4,15,12,29,3,20,89,0,0,0,0,0,0,0,0,4,5,6.95
,,,,,,,Brighton,Midfielder,20,7,802,0.35,1,1,6,2,8,1,15,1,6,25,2,0,0,0,0,0,0,0,3,15,6.72
,,,,,,,Brighton,Defender,24,9,1073,0.375,1,0,2,1,4,2,31,6,18,75,5,0,0,0,0,0,0,0,22,10,6.84
,,,,,,,Brighton,Defender,37,34,3135,0.919,1,0,22,13,22,12,58,7,26,137,6,0,0,0,0,0,0,0,36,22,6.83
,,,,,,,Brighton,Attacker,37,26,2268,0.703,13,1,46,28,20,11,24,0,9,64,5,0,0,0,0,0,2,0,10,30,6.68
,,,,,,,Brighton,Defender,33,31,2844,0.939,1,0,19,3,7,4,34,27,30,127,10,0,0,0,0,1,0,0,12,15,6.95
,,,,,,,Brighton,Midfielder,6,2,203,0.333,1,0,4,2,4,0,5,1,0,8,0,0,0,0,0,0,0,0,1,2,6.65
,,,,,,,Brighton,Defender,12,9,819,0.75,0,1,1,0,4,2,16,2,18,46,2,0,0,0,0,0,0,0,11,7,6.96
,,,,,,,Brighton,Defender,36,36,3211,1.0,3,3,16,10,13,3,53,28,47,208,9,0,0,0,0,0,0,0,43,27,7.26
,,,,,,,Brighton,Attacker,32,20,1804,0.625,3,3,28,14,25,28,32,1,11,113,2,0,0,0,0,1,0,0,34,30,6.63
,,,,,,,Brighton,Defender,26,23,1914,0.885,2,3,13,6,20,9,66,7,25,140,8,0,0,0,0,0,0,0,22,30,6.74
,,,,,,,Brighton,Midfielder,25,19,1721,0.76,3,1,24,13,31,27,18,1,8,81,5,0,0,0,0,0,0,0,21,31,6.81
,,,,,,,Brighton,Goalkeeper,38,38,3420,1.0,0,0,0,0,1,1,1,0,0,16,3,0,0,106,46,0,0,1,3,2,7.05
,,,,,,,Brighton,Defender,30,17,1443,0.567,2,3,9,6,33,7,23,2,12,61,2,0,0,0,0,0,0,0,21,18,6.86
,,,,,,,Brighton,Midfielder,29,20,1941,0.69,3,3,30,10,16,18,46,4,26,101,1,0,0,0,0,0,0,0,28,24,6.76
,,,,,,,Brighton,Midfielder,32,26,2137,0.812,5,1,31,14,20,19,78,3,18,162,9,0,0,0,0,0,0,0,11,48,6.74
,,,,,,,Brighton,Midfielder,18,8,740,0.444,1,1,12,6,16,20,14,0,2,56,2,0,0,0,0,0,0,0,14,11,6.61
,,,,,,,Brighton,Midfielder,31,23,1677,0.742,0,0,12,2,9,12,37,6,28,102,5,0,0,0,0,0,0,0,24,31,6.63
,,,,,,,Brighton,Midfielder,34,26,2398,0.765,3,4,26,11,46,65,55,0,17,161,3,0,0,0,0,1,0,0,22,32,6.85
,,,,,,,Fulham,Defender,15,11,965,0.733,0,0,1,0,3,2,16,10,15,36,6,0,0,0,0,0,0,0,1,10,6.85
,,,,,,,Fulham,Defender,22,21,1802,0.955,1,0,10,3,11,8,64,6,27,130,2,0,0,0,0,0,0,0,31,27,6.93
,,,,,,,Fulham,Midfielder,37,22,1944,0.595,3,0,25,11,18,14,35,1,22,72,1,0,0,0,0,0,0,0,17,10,6.65
,,,,,,,Fulham,Goalkeeper,38,38,3429,1.0,0,0,0,0,0,0,4,0,1,28,3,0,0,98,51,0,0,0,6,0,6.92
,,,,,,,Fulham,Midfielder,29,29,2443,1.0,4,3,24,15,43,19,28,3,15,63,3,0,0,0,0,0,0,0,10,8,7.07
,,,,,,,Fulham,Midfielder,35,34,2920,0.971,0,1,8,3,21,10,58,16,25,132,5,0,0,0,0,0,0,0,14,35,6.89
,,,,,,,Fulham,Defender,33,33,2884,1.0,0,1,13,4,7,6,45,19,36,141,7,0,1,0,0,0,0,0,13,30,7.04
,,,,,,,Fulham,Midfielder,26,20,1734,0.769,1,2,13,6,28,6,49,9,18,103,9,0,0,0,0,0,0,0,25,53,6.6
,,,,,,,Fulham,Attacker,36,27,2216,0.75,9,3,53,19,25,11,34,3,8,162,5,0,0,0,0,2,0,0,34,46,6.68
,,,,,,,Fulham,Defender,30,20,1881,0.667,0,0,9,6,18,3,40,10,31,81,4,0,0,0,0,1,0,0,11,18,6.75
,,,,,,,Fulham,Attacker,15,1,318,0.067,0,0,3,1,3,6,1,0,0,16,0,0,0,0,0,0,0,0,8,6,6.51
,,,,,,,Fulham,Defender,13,8,827,0.615,1,0,2,1,0,1,7,7,6,26,2,0,0,0,0,0,0,0,3,9,6.64
,,,,,,,Fulham,Midfielder,24,6,814,0.25,2,0,10,2,11,4,7,1,4,32,3,0,0,0,0,0,0,0,11,10,6.81
,,,,,,,Fulham,Midfielder,36,32,2701,0.889,10,7,51,25,39,18,29,3,15,89,7,0,0,0,0,0,0,0,37,13,7.11
,,,,,,,Fulham,Midfielder,7,1,126,0.143,1,0,1,1,3,0,0,0,0,2,0,0,0,0,0,0,0,0,1,2,6.89
,,,,,,,Fulham,Defender,30,28,2553,0.933,1,0,6,1,10,10,62,21,22,151,5,0,0,0,0,1,0,0,40,28,6.87
,,,,,,,Fulham,Attacker,21,10,997,0.476,1,1,21,5,8,5,8,3,2,108,2,0,0,0,0,0,0,0,18,21,6.52
,,,,,,,Brighton,Defender,5,2,201,0.4,0,0,0,0,0,1,2,2,1,13,2,0,0,0,0,0,0,0,0,4,6.7
,,,,,,,Fulham,Midfielder,32,15,1319,0.469,1,2,21,11,15,16,27,5,3,76,4,0,0,0,0,0,0,0,30,13,6.62
,,,,,,,Nottingham Forest,Midfielder,30,21,1849,0.7,3,4,20,10,44,30,14,2,8,59,0,0,0,0,0,0,0,0,12,12,6.9
,,,,,,,Nottingham Forest,Defender,18,18,1590,1.0,0,0,9,1,10,15,31,3,25,85,3,0,0,0,0,0,0,0,15,13,6.9
,,,,,,,Nottingham Forest,Defender,38,37,3375,0.974,0,0,14,1,3,3,31,36,29,143,6,0,0,0,0,0,0,0,20,21,6.83
,,,,,,,Nottingham Forest,Goalkeeper,31,30,2667,0.968,0,0,0,0,1,0,1,0,0,10,2,0,0,94,39,0,0,1,4,0,6.83
,,,,,,,Nottingham Forest,Attacker,37,28,2320,0.757,6,4,39,21,15,11,24,5,3,155,2,0,0,0,0,0,0,0,40,42,6.6
,,,,,,,Nottingham Forest,Midfielder,37,35,3110,0.946,15,4,59,32,49,30,20,3,13,130,1,0,0,0,0,1,0,0,41,26,6.92
,,,,,,,Nottingham Forest,Attacker,15,11,906,0.733,3,0,23,9,5,1,1,4,1,34,0,0,0,0,0,0,0,0,6,6,6.61
,,,,,,,Nottingham Forest,Goalkeeper,1,0,45,0.0,0,0,0,0,0,0,0,0,0,0,0,0,0,0,0,0,0,0,0,0,6.3
,,,,,,,Nottingham Forest,Midfielder,22,2,629,0.091,0,2,5,2,5,1,16,3,9,50,3,0,0,0,0,0,0,0,13,13,6.69
,,,,,,,Nottingham Forest,Midfielder,28,25,2080,0.893,2,2,14,5,12,11,60,19,25,112,5,0,0,0,0,0,0,0,18,42,6.97
,,,,,,,Nottingham Forest,Midfielder,24,14,1176,0.583,1,1,11,4,14,13,23,2,10,69,1,0,0,0,0,0,0,0,22,16,6.63
,,,,,,,Nottingham Forest,Defender,21,14,1366,0.667,1,0,5,2,2,5,30,15,11,65,5,0,0,0,0,0,0,0,7,16,6.94
,,,,,,,Nottingham Forest,Defender,37,36,3206,0.973,2,3,28,19,37,31,96,17,47,216,6,0,1,0,0,0,0,0,52,30,6.93
,,,,,,,Nottingham Forest,Midfielder,38,37,3334,0.974,4,4,26,10,55,50,104,16,40,298,8,0,0,0,0,0,0,0,80,57,7.35
,,,,,,,Nottingham Forest,Attacker,1,0,11,0.0,0,0,0,0,0,0,2,0,0,3,0,0,0,0,0,0,0,0,1,0,6.7
,,,,,,,Nottingham Forest,Defender,3,2,165,0.667,0,0,0,0,0,1,4,1,1,12,0,0,0,0,0,0,0,0,1,3,6.47
,,,,,,,Nottingham Forest,Defender,9,6,525,0.667,0,0,1,1,1,2,9,2,5,22,0,0,0,0,0,0,0,0,6,0,6.64
,,,,,,,Nottingham Forest,Defender,25,25,2133,1.0,1,0,6,4,8,9,35,24,34,74,5,0,0,0,0,0,0,0,7,23,7.02
,,,,,,,Brentford,Goalkeeper,37,37,3341,1.0,0,0,0,0,3,3,1,0,1,16,1,0,0,109,49,0,0,3,6,3,7.04
,,,,,,,Brentford,Midfielder,32,22,1929,0.688,1,3,4,1,19,3,27,7,17,48,6,0,0,0,0,0,0,0,7,13,6.8
,,,,,,,Brentford,Defender,27,20,1820,0.741,0,1,8,3,4,3,37,16,18,105,4,0,0,0,0,0,0,0,5,23,6.66
,,,,,,,Nottingham Forest,Attacker,17,3,502,0.176,4,1,14,8,6,2,2,1,1,20,2,0,0,0,0,1,0,0,7,10,6.68
,,,,,,,Brentford,Midfielder,6,0,88,0.0,0,1,0,0,1,2,2,0,0,8,0,0,0,0,0,0,0,0,3,3,6.64
,,,,,,,Brentford,Defender,25,14,1334,0.56,0,1,4,0,4,15,15,5,8,66,2,0,0,0,0,0,0,0,17,15,6.45
,,,,,,,Brentford,Defender,35,32,2983,0.914,1,2,16,6,11,7,31,41,36,144,7,0,0,0,0,1,0,0,17,20,6.77
,,,,,,,Brentford,Defender,32,30,2772,0.938,0,2,20,7,7,1,23,23,29,175,2,0,0,0,0,0,0,0,11,15,6.84
,,,,,,,Brentford,Defender,21,8,727,0.381,0,0,5,1,0,0,15,6,8,33,1,0,0,0,0,0,0,0,9,7,6.65
,,,,,,,Brentford,Midfielder,36,26,2277,0.722,3,1,19,8,35,19,41,4,21,83,3,0,0,0,0,0,0,0,15,20,6.95
,,,,,,,Brentford,Goalkeeper,1,1,90,1.0,0,0,0,0,0,0,0,0,0,0,0,0,0,1,3,0,0,0,0,0,6.3
,,,,,,,Brentford,Midfielder,36,22,1990,0.611,3,3,19,9,19,16,23,2,12,86,1,0,0,0,0,0,0,0,36,15,6.65
,,,,,,,Brentford,Midfielder,6,1,128,0.167,1,0,2,1,0,1,3,0,0,5,0,0,0,0,0,0,0,0,0,0,6.72
,,,,,,,Brentford,Midfielder,35,32,2768,0.914,8,3,45,24,29,20,40,3,18,188,6,0,1,0,0,2,1,0,43,50,6.75
,,,,,,,Brentford,Attacker,38,37,3295,0.974,22,1,67,43,24,29,38,8,12,202,7,0,0,0,0,0,1,0,26,73,6.94
,,,,,,,Brentford,Midfielder,37,30,2675,0.811,1,2,12,4,15,15,70,14,28,128,7,0,0,0,0,0,0,0,12,37,6.73
,,,,,,,Brentford,Midfielder,1,1,45,1.0,0,0,0,0,0,0,3,0,0,5,0,0,0,0,0,0,0,0,0,0,6.6
,,,,,,,Brentford,Defender,37,37,3275,1.0,1,1,5,3,36,55,66,15,38,212,8,0,0,0,0,0,0,0,50,26,6.88
,,,,,,,Sunderland,Midfielder,34,32,2916,0.941,1,6,15,5,34,11,50,20,29,155,8,0,0,0,0,0,0,0,42,23,7.32
,,,,,,,Sunderland,Defender,33,32,2802,0.97,1,1,17,9,9,17,32,29,36,146,6,0,0,0,0,0,0,0,10,34,6.83
,,,,,,,Sunderland,Midfielder,3,0,13,0.0,0,0,0,0,0,0,0,0,1,1,0,0,0,0,0,0,0,0,1,0,6.7
,,,,,,,Sunderland,Midfielder,36,33,2953,0.917,5,6,24,12,53,13,89,12,29,157,5,0,0,0,0,0,1,0,37,31,6.91
,,,,,,,Sunderland,Defender,25,23,1982,0.92,0,1,2,0,6,15,39,14,30,121,7,0,1,0,0,1,0,0,35,32,6.67
,,,,,,,Sunderland,Midfielder,1,0,27,0.0,0,0,0,0,0,1,0,0,0,1,0,0,0,0,0,0,0,0,0,0,6.5
,,,,,,,Sunderland,Defender,29,24,2148,0.828,2,0,21,9,15,3,33,24,20,168,4,0,1,0,0,1,0,0,30,29,6.83
,,,,,,,Sunderland,Attacker,32,11,1186,0.344,6,0,31,17,0,6,11,1,1,49,1,0,0,0,0,0,0,0,7,14,6.65
,,,,,,,Sunderland,Defender,38,34,3050,0.895,2,1,22,7,29,5,67,12,26,175,9,0,0,0,0,0,0,0,39,31,6.78
,,,,,,,Brentford,Midfielder,1,0,1,0.0,0,0,0,0,0,0,0,0,0,0,0,0,0,0,0,0,0,0,0,1,
,,,,,,,Sunderland,Goalkeeper,35,35,3163,1.0,0,0,0,0,4,1,0,0,0,35,4,0,0,109,46,0,0,1,14,0,6.98
,,,,,,,Sunderland,Defender,2,1,134,0.5,0,0,0,0,0,0,4,1,0,10,0,0,0,0,0,0,0,0,1,1,6.95
,,,,,,,Sunderland,Attacker,14,9,665,0.643,1,0,4,2,7,7,11,0,2,30,2,0,0,0,0,0,0,0,3,17,6.5
,,,,,,,Sunderland,Midfielder,20,15,1420,0.75,2,2,22,8,7,6,14,0,4,58,6,0,0,0,0,1,0,0,27,19,6.72
,,,,,,,Sunderland,Attacker,28,16,1561,0.571,4,1,20,10,12,16,11,1,2,29,0,0,0,0,0,0,0,0,1,5,6.63
,,,,,,,Sunderland,Midfielder,18,11,777,0.611,1,1,9,3,9,7,13,1,4,32,1,0,0,0,0,0,0,0,8,8,6.58
,,,,,,,Sunderland,Attacker,20,8,770,0.4,2,0,8,6,4,11,5,1,1,42,0,0,0,0,0,0,0,0,11,6,6.58
,,,,,,,Sunderland,Midfielder,33,33,2907,1.0,0,1,9,5,19,27,46,11,34,123,9,0,0,0,0,0,0,0,40,32,6.76
,,,,,,,West Ham,Defender,23,22,1817,0.957,0,1,1,0,5,4,37,13,17,68,5,0,1,0,0,0,0,0,3,8,6.54
,,,,,,,West Ham,Defender,23,15,1401,0.652,1,0,5,3,7,16,44,4,9,98,2,0,0,0,0,0,0,0,25,12,6.69
,,,,,,,West Ham,Goalkeeper,20,20,1800,1.0,0,1,0,0,1,0,0,0,1,6,0,0,0,77,37,0,0,0,1,1,6.76
,,,,,,,West Ham,Midfielder,35,24,2220,0.686,5,0,21,14,11,4,44,15,16,136,3,0,1,0,0,0,0,0,22,37,6.77
,,,,,,,West Ham,Defender,31,27,2540,0.871,3,0,20,8,4,2,40,30,49,133,2,0,0,0,0,0,0,0,9,16,7.06
,,,,,,,West Ham,Attacker,18,18,1521,1.0,4,1,17,11,23,16,39,6,8,123,6,1,0,0,0,0,0,0,30,28,6.89
,,,,,,,West Ham,Midfielder,6,2,177,0.333,0,0,0,0,0,0,1,0,2,7,1,0,0,0,0,0,0,0,4,2,6.58
,,,,,,,West Ham,Midfielder,5,5,415,1.0,0,0,0,0,12,0,4,1,5,9,0,0,0,0,0,0,0,0,2,4,6.9
,,,,,,,West Ham,Attacker,32,11,1267,0.344,7,1,28,16,8,12,4,2,3,49,1,0,0,0,0,0,0,0,14,12,6.66
,,,,,,,West Ham,Goalkeeper,18,18,1625,1.0,0,1,0,0,2,0,0,0,0,11,0,0,0,55,28,0,0,0,2,0,6.78
,,,,,,,West Ham,Defender,21,17,1565,0.81,0,0,5,1,4,4,16,24,9,69,4,0,0,0,0,0,0,0,2,16,6.6
,,,,,,,West Ham,Midfielder,25,23,2084,0.92,0,2,0,0,18,16,34,7,39,84,4,0,0,0,0,0,0,0,12,23,6.64
,,,,,,,West Ham,Attacker,38,38,3410,1.0,9,11,50,28,45,53,49,7,27,184,4,0,0,0,0,0,0,0,49,19,6.99
,,,,,,,West Ham,Defender,2,2,180,1.0,0,0,2,0,0,1,1,2,1,7,0,0,0,0,0,0,0,0,1,0,6.25
,,,,,,,West Ham,Attacker,8,5,408,0.625,0,0,7,3,7,0,2,1,2,21,0,0,0,0,0,0,0,0,1,11,6.08
,,,,,,,West Ham,Midfielder,7,2,163,0.286,0,0,0,0,3,0,6,1,1,6,0,0,0,0,0,0,0,0,0,1,6.6
,,,,,,,West Ham,Midfielder,22,12,1167,0.545,0,1,1,1,8,2,29,3,17,65,1,0,0,0,0,0,0,0,14,15,6.82
,,,,,,,West Ham,Defender,13,9,668,0.692,0,0,3,0,5,2,30,1,13,46,2,0,0,0,0,1,0,0,7,7,6.58
,,,,,,,Sunderland,Attacker,2,0,23,0.0,0,0,1,0,0,0,0,0,0,1,0,0,0,0,0,0,0,0,0,0,6.25
,,,,,,,West Ham,Midfielder,32,30,2716,0.938,0,5,13,4,30,23,44,13,33,137,6,0,0,0,0,0,0,0,25,28,6.74
,,,,,,,Tottenham,Midfielder,26,23,1892,0.885,1,1,9,3,10,19,56,7,34,113,7,0,0,0,0,0,0,0,8,19,6.76
,,,,,,,Tottenham,Attacker,32,20,1957,0.625,11,4,47,26,20,11,27,3,5,137,5,0,0,0,0,0,0,0,33,23,6.83
,,,,,,,Tottenham,Attacker,19,19,1545,1.0,2,5,16,9,25,52,29,0,3,107,3,0,0,0,0,0,0,0,15,23,6.89
,,,,,,,Tottenham,Attacker,15,11,1000,0.733,3,0,14,11,6,11,22,2,3,61,1,0,0,0,0,0,0,0,9,12,6.87
,,,,,,,Tottenham,Defender,30,23,2090,0.767,0,0,10,8,10,31,43,3,17,118,4,0,0,0,0,0,0,0,21,28,6.56
,,,,,,,Tottenham,Defender,24,17,1519,0.708,0,0,6,2,2,2,27,11,24,120,8,0,0,0,0,0,0,0,13,21,6.86
,,,,,,,Tottenham,Defender,23,22,1872,0.957,4,1,15,6,12,8,58,14,31,155,10,1,1,0,0,0,0,0,16,32,7.13
,,,,,,,Tottenham,Goalkeeper,31,31,2790,1.0,0,0,0,0,1,0,1,0,0,16,1,0,0,83,50,0,0,0,3,0,6.87
,,,,,,,Tottenham,Midfielder,33,23,2210,0.697,5,2,19,9,8,10,110,12,30,192,8,0,0,0,0,0,0,0,36,28,7.04
,,,,,,,Tottenham,Defender,34,32,2810,0.941,1,2,23,8,56,19,75,10,29,139,10,0,0,0,0,0,0,0,26,32,6.89
,,,,,,,Tottenham,Attacker,16,6,628,0.375,2,0,5,2,6,3,13,1,2,24,2,0,0,0,0,0,0,0,4,2,6.63
,,,,,,,Tottenham,Defender,35,35,3055,1.0,4,1,13,6,6,11,39,22,23,119,9,0,1,0,0,0,0,0,22,29,6.73
,,,,,,,Tottenham,Midfielder,26,13,1410,0.5,2,4,10,6,11,13,33,10,18,86,3,0,0,0,0,0,0,0,13,29,6.82
,,,,,,,Tottenham,Goalkeeper,7,7,642,1.0,0,0,0,0,0,0,0,0,0,4,0,0,0,10,7,0,0,0,1,0,6.87
,,,,,,,Tottenham,Attacker,31,13,1358,0.419,4,1,24,8,30,39,19,2,6,96,1,0,0,0,0,0,0,0,23,19,6.74
,,,,,,,Tottenham,Midfielder,24,18,1512,0.75,2,2,8,5,8,7,11,4,17,29,5,0,0,0,0,0,0,0,2,12,6.58
,,,,,,,Tottenham,Attacker,24,10,990,0.417,0,2,18,8,20,24,9,0,1,48,0,0,0,0,0,0,0,0,10,2,6.61
,,,,,,,Tottenham,Midfielder,23,11,979,0.478,1,3,11,5,5,15,22,2,2,49,2,0,0,0,0,0,0,0,7,24,6.57
,,,,,,,Burnley,Attacker,28,10,1038,0.357,0,1,10,4,12,10,12,1,6,33,0,0,0,0,0,0,0,0,0,1,6.5
,,,,,,,Tottenham,Defender,3,2,138,0.667,1,0,2,2,1,0,5,1,1,9,1,0,0,0,0,0,0,0,0,2,6.93
,,,,,,,Burnley,Defender,36,35,3097,0.972,0,2,1,0,13,13,56,10,45,138,9,0,0,0,0,0,0,0,22,32,6.61
,,,,,,,Burnley,Defender,11,5,517,0.455,0,0,1,0,0,0,4,7,5,25,0,0,0,0,0,0,0,0,1,4,6.52
,,,,,,,Burnley,Goalkeeper,35,35,3150,1.0,0,0,0,0,0,0,1,0,0,29,1,0,0,127,71,0,0,0,8,0,6.99
,,,,,,,Burnley,Midfielder,18,18,1519,1.0,2,2,7,6,13,2,31,11,22,66,2,0,0,0,0,0,0,0,18,16,6.91
,,,,,,,Burnley,Midfielder,33,18,1783,0.545,1,0,10,4,12,9,48,8,27,94,7,0,1,0,0,0,0,0,11,31,6.45
,,,,,,,Burnley,Midfielder,29,21,1807,0.724,11,0,38,21,10,4,17,5,7,114,5,0,0,0,0,0,0,0,26,50,6.83
,,,,,,,Burnley,Attacker,23,11,1073,0.478,1,3,14,6,20,14,11,0,2,45,0,0,0,0,0,0,0,0,18,7,6.67
,,,,,,,Burnley,Defender,19,17,1539,0.895,0,0,4,1,4,2,24,13,12,83,0,0,0,0,0,0,0,0,7,5,6.67
,,,,,,,Burnley,Attacker,26,15,1372,0.577,3,2,13,6,10,10,16,3,4,66,4,0,0,0,0,0,0,0,13,22,6.47
,,,,,,,Burnley,Defender,7,1,165,0.143,1,0,3,1,1,1,2,0,1,8,0,0,0,0,0,0,0,0,0,4,6.73
,,,,,,,Burnley,Attacker,29,14,1316,0.483,2,1,14,9,13,7,18,1,2,54,2,0,0,0,0,0,0,0,16,13,6.57
,,,,,,,Burnley,Defender,34,34,2937,1.0,0,0,9,1,7,3,44,33,37,139,1,0,0,0,0,0,0,0,12,13,6.64
,,,,,,,Burnley,Midfielder,27,15,1253,0.556,1,4,11,5,21,20,29,3,8,102,10,0,0,0,0,0,0,0,47,24,6.72
,,,,,,,Burnley,Midfielder,37,32,2743,0.865,8,2,42,23,37,35,42,7,15,133,4,0,0,0,0,1,0,0,47,28,6.78
,,,,,,,Burnley,Midfielder,35,27,2359,0.771,3,1,14,8,10,15,51,21,18,121,2,1,0,0,0,0,0,0,30,28,6.72
,,,,,,,Burnley,Goalkeeper,3,3,270,1.0,0,0,0,0,1,0,0,0,0,1,0,0,0,10,4,0,0,0,0,0,7.67
,,,,,,,Burnley,Defender,20,15,1406,0.75,0,0,10,4,20,18,29,6,20,54,1,0,1,0,0,0,0,0,4,15,6.59
,,,,,,,Burnley,Defender,21,21,1830,1.0,0,5,7,3,20,5,52,4,31,70,1,0,0,0,0,0,0,0,3,13,6.48
,,,,,,,Wolves,Midfielder,8,6,428,0.75,0,0,1,1,5,5,13,1,6,27,0,0,0,0,0,0,0,0,3,3,6.56
,,,,,,,Wolves,Goalkeeper,23,23,2070,1.0,0,0,0,0,1,0,1,0,0,22,2,0,0,65,37,0,0,0,6,0,6.85
,,,,,,,Wolves,Attacker,22,14,1405,0.636,1,1,16,7,7,5,6,5,3,65,2,0,0,0,0,0,1,0,11,31,6.37
,,,,,,,Wolves,Attacker,13,9,877,0.692,1,1,12,6,3,5,21,2,7,65,2,0,0,0,0,0,0,0,10,19,6.6
,,,,,,,Wolves,Midfielder,23,14,1121,0.609,1,0,10,3,11,8,43,2,8,70,1,0,0,0,0,0,0,0,9,25,6.63
,,,,,,,Wolves,Defender,11,11,791,1.0,0,0,1,0,3,2,16,6,7,44,4,0,0,0,0,1,0,0,6,16,6.55
,,,,,,,Wolves,Goalkeeper,12,12,1080,1.0,0,0,0,0,0,0,2,0,0,5,0,0,0,39,24,0,0,0,0,0,6.93
,,,,,,,Wolves,Attacker,26,15,1251,0.577,1,1,15,7,14,18,28,3,10,94,5,0,0,0,0,0,0,0,41,20,6.78
,,,,,,,Wolves,Attacker,26,18,1461,0.692,2,2,15,6,15,9,10,0,13,43,5,0,0,0,0,0,0,0,18,28,6.61
,,,,,,,Wolves,Defender,19,17,1427,0.895,0,0,4,2,6,10,23,12,14,68,2,0,1,0,0,0,0,0,11,11,6.56
,,,,,,,Wolves,Defender,14,12,1101,0.857,0,0,7,3,4,4,32,15,13,67,1,0,1,0,0,0,0,0,5,10,6.85
,,,,,,,Wolves,Defender,29,28,2553,0.966,3,1,8,7,10,0,50,21,27,109,4,0,0,0,0,1,0,0,11,30,6.77
,,,,,,,Wolves,Midfielder,35,32,2843,0.914,1,1,13,7,16,43,108,6,36,227,10,0,0,0,0,0,0,0,49,69,6.78
,,,,,,,Wolves,Defender,27,24,2142,0.889,0,0,22,6,11,9,62,17,29,160,12,0,0,0,0,0,0,0,44,34,6.68
,,,,,,,Wolves,Midfielder,22,11,1061,0.5,0,2,1,0,8,5,10,2,7,30,1,0,0,0,0,0,0,0,4,10,6.57
,,,,,,,Wolves,Midfielder,35,30,2766,0.857,1,0,5,1,18,19,82,13,30,148,12,0,0,0,0,0,0,0,43,47,6.81
,,,,,,,Wolves,Defender,35,26,2375,0.743,1,2,12,6,38,31,67,4,39,141,3,0,0,0,0,0,0,0,24,17,6.65
,,,,,,,Wolves,Defender,22,9,978,0.409,3,0,18,6,4,8,23,2,9,45,0,0,0,0,0,0,0,0,8,6,6.64
,,,,,,,Wolves,Attacker,9,2,236,0.222,0,1,2,1,3,3,1,0,0,10,1,0,0,0,0,0,0,0,4,6,6.49
,,,,,,,Manchester City,Defender,26,24,2161,0.923,2,0,7,4,7,3,13,17,23,82,3,0,0,0,0,0,0,0,9,15,7.17
,,,,,,,Manchester City,Defender,9,5,449,0.556,0,0,0,0,1,2,1,6,3,14,0,0,0,0,0,0,0,0,0,0,6.5
,,,,,,,Manchester City,Midfielder,38,34,2890,0.895,2,4,17,7,47,21,53,6,22,100,10,0,0,0,0,0,0,0,22,37,6.85
,,,,,,,Manchester City,Attacker,35,34,2958,0.971,27,8,102,59,25,16,15,1,5,129,2,0,0,0,0,0,1,0,25,24,7.31
,,,,,,,Manchester City,Attacker,30,19,1796,0.633,5,5,24,15,60,82,23,0,13,169,0,0,0,0,0,2,0,0,61,23,7.39
,,,,,,,Wolves,Attacker,1,0,14,0.0,0,0,0,0,0,0,0,0,1,2,0,0,0,0,0,0,0,0,0,0,6.2
,,,,,,,Manchester City,Defender,18,6,703,0.333,0,0,5,1,7,0,8,1,5,33,1,0,0,0,0,0,0,0,8,3,6.81
,,,,,,,Manchester City,Defender,17,12,988,0.706,0,2,8,2,12,22,34,1,13,80,2,0,0,0,0,0,0,0,10,17,6.92
,,,,,,,Manchester City,Midfielder,28,19,1640,0.679,5,2,36,16,18,19,10,1,11,47,2,0,0,0,0,0,0,0,15,19,6.85
,,,,,,,Manchester City,Midfielder,34,32,2865,0.941,1,5,6,2,28,28,58,8,30,158,5,0,0,0,0,1,0,0,30,17,6.97
,,,,,,,Manchester City,Attacker,21,8,734,0.381,3,3,21,9,12,10,13,2,2,46,3,0,0,0,0,0,0,0,21,10,6.7
,,,,,,,Manchester City,Midfielder,33,19,1806,0.576,4,12,32,13,61,50,26,1,7,111,1,0,0,0,0,0,0,0,34,16,7.2
,,,,,,,Manchester City,Midfielder,25,17,1587,0.68,1,0,5,2,11,12,42,6,24,104,6,0,0,0,0,0,0,0,18,30,7.0
,,,,,,,Manchester City,Goalkeeper,4,4,372,1.0,0,0,0,0,0,1,2,0,0,5,0,0,0,14,6,0,0,0,1,0,7.08
,,,,,,,Manchester City,Attacker,9,5,472,0.556,0,1,1,0,10,16,8,0,3,36,1,0,0,0,0,0,0,0,9,5,6.88
,,,,,,,Manchester City,Defender,11,4,435,0.364,0,1,2,0,7,2,6,1,7,18,2,0,0,0,0,0,0,0,9,5,6.63
,,,,,,,Manchester City,Midfielder,34,29,2648,0.853,5,3,28,15,23,24,68,12,20,161,5,0,0,0,0,0,0,0,18,45,6.88
,,,,,,,Manchester City,Defender,21,15,1429,0.714,0,0,7,1,6,7,27,9,33,55,2,0,0,0,0,0,0,0,6,14,6.91
,,,,,,,Chelsea,Midfielder,34,30,2643,0.882,5,6,24,13,55,47,19,0,6,100,3,1,0,0,0,0,0,0,25,16,6.97
,,,,,,,Chelsea,Midfielder,36,35,3134,0.972,10,4,52,31,69,13,53,2,21,137,10,0,0,0,0,0,0,0,45,36,7.18
,,,,,,,Chelsea,Attacker,35,31,2687,0.886,15,5,52,28,29,40,27,5,6,196,5,0,0,0,0,3,0,0,56,38,7.07
,,,,,,,Chelsea,Goalkeeper,35,35,3054,1.0,0,1,0,0,5,0,2,0,1,26,3,0,1,98,47,0,0,0,14,2,6.91
,,,,,,,Chelsea,Defender,29,20,1973,0.69,2,4,13,7,27,11,48,6,33,113,4,0,0,0,0,0,0,0,22,27,7.19
,,,,,,,Chelsea,Defender,34,31,2795,0.912,3,0,13,5,5,7,35,17,36,133,3,0,1,0,0,0,0,0,18,20,6.94
,,,,,,,Chelsea,Defender,25,20,1726,0.8,0,1,5,1,3,10,19,19,40,114,7,2,0,0,0,0,0,0,17,27,6.86
,,,,,,,Chelsea,Defender,34,31,2723,0.912,1,4,14,6,39,1,55,8,32,120,8,0,1,0,0,0,0,0,29,45,6.68
,,,,,,,Chelsea,Midfielder,33,32,2802,0.97,3,1,14,7,19,15,87,15,59,172,11,0,1,0,0,0,0,0,55,54,7.17
,,,,,,,Chelsea,Midfielder,26,24,1978,0.923,10,1,43,25,25,22,25,0,15,84,5,0,0,0,0,0,1,0,37,13,7.04
,,,,,,,Chelsea,Defender,34,26,2267,0.765,2,3,9,6,28,12,53,5,31,100,4,1,0,0,0,0,0,0,20,20,6.66
,,,,,,,Chelsea,Attacker,28,12,1139,0.429,1,0,26,11,3,10,5,0,1,59,4,0,0,0,0,1,0,0,19,25,6.46
,,,,,,,Chelsea,Goalkeeper,5,3,378,0.6,0,0,0,0,0,1,0,0,1,3,0,0,0,8,5,0,0,0,0,0,6.68
,,,,,,,Chelsea,Midfielder,16,5,495,0.312,0,2,4,2,9,13,8,1,2,32,0,0,0,0,0,0,0,0,8,6,6.6
,,,,,,,Chelsea,Midfielder,27,13,1280,0.481,1,0,9,2,8,2,37,6,20,75,4,0,0,0,0,0,0,0,22,13,6.85
,,,,,,,Chelsea,Midfielder,3,0,34,0.0,0,0,0,0,0,2,6,0,0,10,2,0,0,0,0,0,0,0,1,3,6.83
,,,,,,,Chelsea,Defender,22,12,1160,0.545,0,0,4,0,8,7,36,7,18,61,7,0,0,0,0,0,0,0,2,15,6.54
,,,,,,,Chelsea,Defender,17,8,700,0.471,1,0,2,2,2,11,11,2,11,42,1,0,0,0,0,0,0,0,9,2,6.59
,,,,,,,Chelsea,Attacker,22,12,852,0.545,2,2,17,8,16,29,11,0,4,52,4,0,0,0,0,1,0,0,9,12,6.72
,,,,,,,Crystal Palace,Attacker,28,24,2176,0.857,9,1,37,21,19,11,18,4,8,95,2,0,0,0,0,2,0,0,42,12,6.83
,,,,,,,Crystal Palace,Midfielder,31,18,1731,0.581,0,2,14,7,14,3,30,4,25,121,7,0,0,0,0,1,0,0,24,25,6.72
,,,,,,,Crystal Palace,Midfielder,29,29,2403,1.0,4,3,20,13,28,2,74,1,26,138,7,0,0,0,0,0,0,0,18,35,6.91
,,,,,,,Crystal Palace,Midfielder,31,19,1577,0.613,0,0,10,0,21,11,27,8,15,79,7,0,0,0,0,0,0,0,25,23,6.78
,,,,,,,Crystal Palace,Defender,10,7,604,0.7,0,1,2,0,3,4,16,2,5,24,1,0,0,0,0,0,0,0,2,4,6.59
,,,,,,,Crystal Palace,Goalkeeper,37,37,3330,1.0,0,0,0,0,1,1,1,0,2,21,5,0,0,106,51,0,0,1,5,2,6.94
,,,,,,,Crystal Palace,Attacker,1,1,84,1.0,0,0,3,2,0,2,1,0,0,4,0,0,0,0,0,0,0,0,1,2,6.6
,,,,,,,Crystal Palace,Defender,35,35,3087,1.0,1,2,17,7,7,7,60,18,45,204,4,0,1,0,0,0,0,0,19,34,6.9
,,,,,,,Crystal Palace,Goalkeeper,1,1,90,1.0,0,0,0,0,0,0,0,0,0,0,0,0,0,3,0,0,0,0,0,0,7.2
,,,,,,,Crystal Palace,Attacker,32,25,2222,0.781,12,0,56,32,9,14,10,6,6,110,2,0,0,0,0,1,0,0,19,21,6.73
,,,,,,,Crystal Palace,Defender,7,0,99,0.0,0,0,1,0,2,0,3,0,2,6,1,0,0,0,0,0,0,0,0,4,6.37
,,,,,,,Crystal Palace,Defender,20,20,1800,1.0,2,2,10,4,9,2,30,10,25,103,4,0,0,0,0,1,0,0,18,14,7.22
,,,,,,,Crystal Palace,Defender,33,31,2826,0.939,1,0,8,2,9,4,55,19,43,170,4,0,0,0,0,0,0,0,5,18,6.9
,,,,,,,Crystal Palace,Midfielder,38,36,3253,0.947,1,2,14,7,29,15,101,12,34,170,6,0,0,0,0,0,0,0,28,23,6.79
,,,,,,,Crystal Palace,Midfielder,21,7,830,0.333,1,0,9,4,7,3,25,0,1,46,0,0,0,0,0,0,0,0,10,11,6.48
,,,,,,,Crystal Palace,Midfielder,34,29,2562,0.853,1,5,17,6,44,15,70,3,26,140,5,1,0,0,0,0,0,0,31,35,7.09
,,,,,,,Chelsea,Attacker,4,0,151,0.0,0,0,3,2,0,1,2,0,0,5,2,0,0,0,0,0,0,0,1,6,6.6
,,,,,,,Crystal Palace,Midfielder,1,1,90,1.0,0,0,1,0,2,2,1,0,0,4,0,0,0,0,0,0,0,0,1,0,6.9
,,,,,,,Crystal Palace,Midfielder,4,0,55,0.0,0,0,0,0,0,1,2,0,0,6,0,0,0,0,0,0,0,0,2,2,6.6
,,,,,,,Manchester United,Defender,13,13,1170,1.0,1,0,8,3,3,1,19,7,15,74,0,0,0,0,0,0,0,0,5,6,6.93
,,,,,,,Manchester United,Midfielder,34,33,2593,0.971,9,2,36,18,36,6,90,27,31,189,10,1,0,0,0,0,0,0,36,46,7.19
,,,,,,,Manchester United,Midfielder,34,29,2617,0.853,1,3,21,6,29,18,53,9,27,135,5,0,0,0,0,0,0,0,14,25,6.86
,,,,,,,Manchester United,Defender,38,38,3231,1.0,1,1,6,3,16,10,74,9,45,166,9,0,0,0,0,0,0,0,20,49,6.71
,,,,,,,Crystal Palace,Attacker,1,0,8,0.0,0,0,0,0,0,0,1,0,0,2,0,0,0,0,0,0,0,0,1,0,6.7
,,,,,,,Manchester United,Attacker,33,29,2503,0.879,10,2,58,35,35,44,39,3,21,164,4,0,0,0,0,2,0,0,54,27,7.13
,,,,,,,Manchester United,Midfielder,35,35,3066,1.0,9,21,55,24,137,15,54,5,20,124,5,0,0,0,0,0,2,0,35,25,7.63
,,,,,,,Manchester United,Defender,23,19,1667,0.826,1,2,11,4,4,1,22,11,13,98,3,0,1,0,0,0,0,0,16,16,6.9
,,,,,,,Manchester United,Attacker,23,12,1018,0.522,3,0,13,5,14,7,24,1,9,50,2,0,0,0,0,1,0,0,12,16,6.89
,,,,,,,Manchester United,Attacker,33,31,2621,0.939,11,3,59,32,47,18,25,1,8,86,4,0,0,0,0,1,0,0,28,23,6.84
,,,,,,,Manchester United,Goalkeeper,6,6,540,1.0,0,0,0,0,1,1,0,0,0,5,0,0,0,13,11,0,0,0,3,0,6.58
,,,,,,,Manchester United,Midfielder,22,8,901,0.364,0,0,8,1,3,7,46,5,20,79,1,0,0,0,0,0,0,0,15,24,6.68
,,,,,,,Manchester United,Attacker,30,17,1636,0.567,11,1,51,34,9,10,5,2,3,85,2,0,0,0,0,0,0,0,6,17,6.76
,,,,,,,Manchester United,Attacker,32,27,2344,0.844,2,3,39,23,41,39,38,3,17,128,2,0,0,0,0,1,0,0,38,23,6.89
,,,,,,,Manchester United,Midfielder,28,16,1670,0.571,1,2,8,3,22,19,35,10,20,91,2,0,0,0,0,0,0,0,22,13,6.87
,,,,,,,Manchester United,Defender,1,0,10,0.0,0,0,0,0,0,0,0,0,0,0,0,0,0,0,0,0,0,0,0,0,6.7
,,,,,,,Manchester United,Defender,32,18,1748,0.562,0,0,8,3,4,2,32,11,31,83,1,0,0,0,0,0,0,0,5,17,6.68
,,,,,,,Manchester United,Midfielder,26,15,1461,0.577,4,4,21,12,27,11,48,3,16,149,5,0,0,0,0,0,0,0,47,23,6.92
,,,,,,,Manchester United,Defender,17,11,938,0.647,0,1,2,0,2,6,22,11,1,55,2,0,0,0,0,0,0,0,9,7,6.91
,,,,,,,Arsenal,Attacker,12,7,583,0.583,2,3,12,4,11,3,8,1,1,36,1,0,0,0,0,0,0,0,8,8,6.68
,,,,,,,Arsenal,Attacker,31,25,2225,0.806,7,5,47,27,63,50,41,1,16,167,2,0,0,0,0,0,0,0,54,33,7.24
,,,,,,,Arsenal,Goalkeeper,1,1,90,1.0,0,0,0,0,0,0,0,0,0,1,0,0,0,2,1,0,0,0,0,0,7.0
,,,,,,,Arsenal,Midfielder,36,35,3099,0.972,4,5,27,13,64,14,70,12,37,145,3,0,0,0,0,0,0,0,11,26,7.46
,,,,,,,Arsenal,Attacker,36,26,2254,0.722,14,1,41,22,20,7,7,3,1,74,5,0,0,0,0,0,0,0,31,35,6.62
,,,,,,,Arsenal,Goalkeeper,37,37,3330,1.0,0,0,0,0,3,1,1,0,1,25,1,0,0,60,26,0,0,0,14,0,6.95
,,,,,,,Arsenal,Defender,12,9,713,0.75,0,1,4,1,8,3,15,4,9,36,0,0,0,0,0,0,0,0,6,5,6.89
,,,,,,,Arsenal,Defender,31,30,2615,0.968,1,0,4,1,10,7,35,7,17,131,2,0,0,0,0,0,0,0,16,22,7.04
,,,,,,,Arsenal,Defender,32,30,2751,0.938,3,4,17,7,7,1,38,34,23,171,4,0,0,0,0,0,0,0,34,21,7.36
,,,,,,,Arsenal,Midfielder,24,16,1370,0.667,1,6,17,8,40,9,19,0,7,40,0,0,0,0,0,0,0,0,9,9,7.01
,,,,,,,Arsenal,Defender,30,28,2457,0.933,3,5,22,7,27,13,66,6,24,147,5,0,0,0,0,1,0,0,29,38,6.92
,,,,,,,Arsenal,Midfielder,22,10,1035,0.455,4,3,16,8,12,5,26,2,10,79,1,0,0,0,0,0,0,0,20,22,6.86
,,,,,,,Arsenal,Midfielder,38,34,3001,0.895,5,1,19,9,19,7,68,5,39,153,4,0,0,0,0,0,0,0,15,33,7.06
,,,,,,,Manchester United,Attacker,24,5,666,0.208,2,1,19,9,11,5,9,2,1,40,3,0,0,0,0,0,0,0,6,9,6.5
,,,,,,,Arsenal,Attacker,30,11,1079,0.367,1,4,22,13,13,21,12,1,1,54,3,0,0,0,0,0,0,0,14,10,6.6
,,,,,,,Arsenal,Attacker,26,16,1226,0.615,2,1,15,9,22,29,21,1,5,75,0,0,0,0,0,0,0,0,15,15,6.79
,,,,,,,Arsenal,Defender,26,22,1707,0.846,1,2,22,8,9,16,32,5,15,104,5,0,0,0,0,0,0,0,10,26,6.92
,,,,,,,Arsenal,Midfielder,6,0,175,0.0,0,0,4,0,1,3,1,0,0,5,0,0,0,0,0,0,0,0,0,2,6.78
,,,,,,,Arsenal,Defender,20,5,722,0.25,0,0,1,0,4,8,8,1,5,38,3,0,0,0,0,0,0,0,16,10,6.64
,,,,,,,Arsenal,Defender,20,9,1003,0.45,0,0,1,0,5,1,32,7,8,59,4,0,0,0,0,0,0,0,7,17,6.93
,,,,,,,Leeds,Attacker,16,2,320,0.125,0,0,9,3,1,1,2,0,1,8,0,0,0,0,0,0,0,0,0,4,6.46
,,,,,,,Leeds,Defender,12,5,442,0.417,0,0,1,0,0,1,8,6,5,20,1,0,0,0,0,0,0,0,0,7,6.7
,,,,,,,Arsenal,Attacker,31,21,2006,0.677,6,6,35,15,36,25,27,3,9,96,2,0,0,0,0,0,0,0,39,13,6.96
,,,,,,,Leeds,Midfielder,35,35,3128,1.0,1,1,15,6,20,12,81,18,50,184,10,0,0,0,0,1,0,0,36,50,7.15
,,,,,,,Leeds,Goalkeeper,22,22,1985,1.0,0,0,0,0,0,1,1,0,0,13,1,0,0,63,27,0,0,0,7,0,7.05
,,,,,,,Leeds,Midfielder,23,10,1046,0.435,2,2,13,4,25,2,38,6,12,67,2,0,0,0,0,0,0,0,17,13,6.9
,,,,,,,Leeds,Attacker,11,1,263,0.091,0,0,5,2,2,3,5,0,4,13,0,0,0,0,0,0,0,0,4,1,6.59
,,,,,,,Leeds,Defender,34,32,2809,0.941,1,2,11,4,21,19,66,5,33,138,6,0,0,0,0,1,0,0,29,39,6.61
,,,,,,,Leeds,Defender,2,0,18,0.0,0,0,0,0,0,0,1,0,0,1,0,0,0,0,0,0,0,0,0,1,6.45
,,,,,,,Leeds,Defender,35,33,2958,0.943,2,0,14,7,9,1,37,22,29,140,3,0,0,0,0,0,0,0,19,17,6.69
,,,,,,,Leeds,Attacker,19,6,571,0.316,0,0,7,3,9,6,6,0,1,27,0,0,0,0,0,0,0,0,8,1,6.62
,,,,,,,Leeds,Attacker,31,10,1097,0.323,6,1,25,16,11,7,12,1,3,67,0,0,0,0,0,0,1,0,18,18,6.69
,,,,,,,Leeds,Midfielder,28,14,1326,0.5,2,0,15,5,18,4,27,2,21,52,1,0,0,0,0,0,0,0,9,13,6.74
,,,,,,,Leeds,Defender,32,31,2642,0.969,0,0,13,3,21,39,65,7,27,178,5,1,0,0,0,0,0,0,56,31,6.67
,,,,,,,Leeds,Midfielder,37,30,2475,0.811,4,5,29,17,34,31,50,4,15,156,3,0,0,0,0,0,0,0,51,20,6.76
,,,,,,,Leeds,Defender,34,33,2942,0.971,0,1,23,5,12,4,39,19,31,174,5,0,0,0,0,0,0,0,22,27,6.83
,,,,,,,Leeds,Goalkeeper,16,16,1440,1.0,0,0,0,0,0,0,0,0,0,7,2,0,0,38,29,0,0,0,3,1,6.63
,,,,,,,Leeds,Midfielder,23,15,1334,0.652,0,3,6,1,11,6,24,6,15,52,3,0,0,0,0,0,0,0,9,16,6.7
,,,,,,,Leeds,Attacker,23,4,540,0.174,0,1,6,0,9,5,18,0,3,35,3,0,0,0,0,1,0,0,11,7,6.61
,,,,,,,Leeds,Midfielder,29,28,2378,0.966,5,3,31,14,63,20,65,9,20,155,3,0,0,0,0,0,0,0,24,36,7.15
,,,,,,,Everton,Defender,38,38,3426,1.0,2,7,34,14,56,18,120,10,57,209,12,0,0,0,0,0,0,0,42,39,7.24
,,,,,,,Everton,Goalkeeper,38,38,3432,1.0,0,0,0,0,2,0,2,0,0,13,4,0,0,100,50,0,0,1,6,1,7.02
,,,,,,,Everton,Defender,33,29,2631,0.879,3,1,17,7,2,6,35,27,37,159,1,0,1,0,0,0,0,0,6,16,6.9
,,,,,,,Everton,Defender,37,37,3342,1.0,2,3,15,10,19,4,51,52,31,233,8,0,0,0,0,0,0,0,35,32,7.16
,,,,,,,Everton,Midfielder,25,25,2101,1.0,2,3,18,7,13,7,43,7,28,94,1,0,1,0,0,0,0,0,31,21,6.79
,,,,,,,Everton,Midfielder,32,32,2798,1.0,6,3,30,22,30,71,70,2,16,189,2,0,0,0,0,0,0,0,37,30,6.88
,,,,,,,Everton,Defender,5,1,39,0.2,0,0,0,0,1,0,0,0,0,2,0,0,0,0,0,0,0,0,1,0,6.5
,,,,,,,Everton,Attacker,22,14,1189,0.636,0,1,12,5,15,7,23,3,10,44,1,0,0,0,0,0,0,0,7,11,6.63
,,,,,,,Everton,Midfielder,20,18,1631,0.9,2,6,14,8,40,23,21,6,12,106,4,1,0,0,0,0,0,0,58,13,7.2
,,,,,,,Everton,Attacker,37,17,1614,0.459,9,1,32,17,12,14,15,5,1,133,3,0,0,0,0,0,0,0,12,33,6.62
,,,,,,,Everton,Midfielder,31,30,2635,0.968,8,4,28,15,37,27,53,4,12,148,6,0,0,0,0,0,0,0,48,32,7.15
,,,,,,,Everton,Midfielder,20,6,731,0.3,0,1,12,5,9,7,14,3,3,46,4,0,0,0,0,0,0,0,12,10,6.48
,,,,,,,Everton,Defender,37,35,3131,0.946,1,1,10,6,17,6,57,16,15,194,6,0,1,0,0,0,0,0,17,23,6.71
,,,,,,,Everton,Midfielder,29,17,1505,0.586,0,2,8,1,8,14,69,12,22,125,9,0,0,0,0,1,0,0,20,29,6.76
,,,,,,,Everton,Attacker,38,21,1932,0.553,8,0,31,14,12,9,6,4,5,151,3,0,0,0,0,0,0,0,8,47,6.53
,,,,,,,Everton,Midfielder,13,6,549,0.462,0,0,4,2,4,2,13,1,4,35,0,0,0,0,0,0,0,0,15,6,6.69
,,,,,,,Bournemouth,Attacker,20,10,951,0.5,2,0,11,4,21,11,10,2,4,37,5,0,0,0,0,0,0,0,10,18,6.54
,,,,,,,Leeds,Defender,25,21,1913,0.84,1,2,11,6,7,2,26,14,24,104,4,0,0,0,0,0,0,0,10,19,6.93
,,,,,,,Bournemouth,Midfielder,26,9,986,0.346,2,0,15,8,11,19,27,4,12,80,3,0,1,0,0,0,0,0,22,17,6.72
,,,,,,,Brentford,Midfielder,33,24,2078,0.727,4,4,24,11,42,18,57,4,25,116,0,0,0,0,0,0,0,0,23,19,7.01
,,,,,,,Sunderland,Defender,3,2,127,0.667,0,0,0,0,1,2,4,0,2,7,1,0,0,0,0,0,0,0,0,3,6.5
,,,,,,,Aston Villa,Goalkeeper,32,32,2835,1.0,0,1,0,0,2,0,0,0,0,28,2,0,0,95,39,0,0,1,17,0,6.98
,,,,,,,Leeds,Attacker,28,19,1573,0.679,8,1,25,15,20,39,23,1,12,88,3,0,0,0,0,0,0,0,14,18,6.93
,,,,,,,Bournemouth,Attacker,31,10,1106,0.323,3,1,14,9,16,8,36,2,7,96,2,0,0,0,0,1,0,0,22,29,6.81
,,,,,,,Nottingham Forest,Attacker,9,0,107,0.0,0,0,1,1,1,0,1,0,0,5,0,0,0,0,0,0,0,0,0,2,6.28
,,,,,,,Brentford,Midfielder,32,25,2290,0.781,7,3,42,20,27,23,24,0,24,138,5,0,0,0,0,5,0,0,39,27,6.87
,,,,,,,Wolves,Defender,31,19,1855,0.613,0,1,2,1,21,5,29,8,16,66,3,0,0,0,0,0,0,0,9,8,6.54
,,,,,,,Crystal Palace,Midfielder,1,0,9,0.0,0,0,0,0,0,0,0,0,0,0,0,0,0,0,0,0,0,0,0,1,6.5
,,,,,,,Bournemouth,Attacker,8,0,122,0.0,0,1,2,1,1,2,6,0,1,10,0,0,0,0,0,0,0,0,1,3,6.43
,,,,,,,Arsenal,Midfielder,6,1,162,0.167,1,0,5,1,4,6,2,0,1,15,0,0,0,0,0,1,0,0,7,2,6.73
,,,,,,,Aston Villa,Midfielder,1,0,16,0.0,0,0,0,0,0,0,0,0,0,1,0,0,0,0,0,0,0,0,1,0,6.5
,,,,,,,Manchester City,Midfielder,21,17,1513,0.81,1,0,10,3,26,7,42,3,14,119,3,0,0,0,0,0,0,0,31,14,7.46
,,,,,,,Liverpool,Midfielder,36,34,2996,0.944,5,3,25,13,29,31,59,12,47,160,5,0,0,0,0,0,0,0,42,38,7.06
,,,,,,,Manchester City,Midfielder,33,23,2119,0.697,7,5,36,19,56,25,34,3,9,96,4,0,0,0,0,0,0,0,31,19,7.01
,,,,,,,Newcastle,Midfielder,24,10,1020,0.417,0,2,14,6,14,7,19,2,9,47,3,0,0,0,0,0,0,0,11,16,6.52
,,,,,,,Fulham,Defender,27,20,1822,0.741,3,1,10,4,14,9,48,8,25,79,0,0,0,0,0,0,0,0,3,33,6.62
,,,,,,,Chelsea,Defender,16,8,796,0.5,0,0,1,0,1,0,17,5,9,58,2,0,0,0,0,0,0,0,0,6,6.89
,,,,,,,Newcastle,Midfielder,28,15,1474,0.536,2,3,10,4,22,15,41,4,9,79,4,1,0,0,0,0,0,0,14,16,6.66
,,,,,,,Fulham,Defender,22,17,1502,0.773,1,0,2,1,22,12,48,3,30,87,5,0,0,0,0,0,0,0,9,15,6.83
,,,,,,,Nottingham Forest,Midfielder,8,5,331,0.625,0,0,3,1,5,1,10,1,7,19,2,0,0,0,0,0,0,0,5,4,6.79
,,,,,,,Nottingham Forest,Midfielder,14,2,322,0.143,0,1,2,0,6,3,7,1,3,16,1,0,0,0,0,0,0,0,5,4,6.54
,,,,,,,Liverpool,Defender,15,12,932,0.8,0,1,2,0,4,7,19,4,13,61,5,0,0,0,0,0,0,0,20,18,6.59
,,,,,,,Nottingham Forest,Attacker,31,17,1695,0.548,1,5,17,11,34,41,21,0,12,90,1,0,0,0,0,1,0,0,24,23,6.76
,,,,,,,Brighton,Midfielder,27,20,1750,0.741,4,3,29,15,15,3,19,5,6,46,0,0,0,0,0,0,0,0,12,33,6.66
,,,,,,,West Ham,Attacker,2,0,58,0.0,0,0,1,0,0,1,0,0,2,2,0,0,0,0,0,0,0,0,0,0,6.35
,,,,,,,Manchester United,Defender,20,11,1022,0.55,0,0,2,0,7,8,28,2,14,68,3,0,0,0,0,0,0,0,14,12,6.89
,,,,,,,Sunderland,Defender,32,32,2800,1.0,3,3,16,4,23,12,69,10,40,182,5,0,0,0,0,0,0,0,26,35,6.95
,,,,,,,Everton,Defender,33,33,2972,1.0,0,1,6,2,23,10,51,9,30,139,6,0,0,0,0,0,0,0,28,29,6.7
,,,,,,,Crystal Palace,Attacker,28,22,1908,0.786,0,0,12,4,20,12,63,1,14,116,3,0,0,0,0,1,0,0,28,30,6.86
,,,,,,,Leeds,Attacker,35,30,2726,0.857,14,1,66,34,20,8,10,9,5,184,3,0,0,0,0,2,1,0,38,45,6.71
,,,,,,,Newcastle,Defender,2,0,25,0.0,0,0,0,0,0,0,0,1,0,1,0,0,0,0,0,0,0,0,0,0,6.4
,,,,,,,Leeds,Defender,29,21,1921,0.724,2,1,16,6,12,3,56,11,28,127,4,0,0,0,0,0,0,0,30,13,6.93
,,,,,,,Brentford,Defender,4,4,321,1.0,0,0,1,1,0,1,5,5,5,20,1,0,0,0,0,0,0,0,2,0,6.75
,,,,,,,West Ham,Attacker,31,29,2485,0.935,5,2,32,15,27,51,45,4,16,170,6,0,0,0,0,1,0,0,67,49,7.05
,,,,,,,Wolves,Defender,28,27,2361,0.964,2,1,16,10,9,2,32,15,32,103,4,1,0,0,0,0,0,0,7,33,6.71
,,,,,,,Arsenal,Defender,25,20,1792,0.8,1,2,2,2,13,7,48,9,26,100,2,0,0,0,0,0,0,0,14,18,6.92
,,,,,,,Nottingham Forest,Defender,14,11,1026,0.786,2,0,4,3,7,2,20,3,4,34,2,0,0,0,0,0,0,0,5,12,6.59
,,,,,,,Crystal Palace,Midfielder,34,26,2100,0.765,2,2,24,11,48,18,36,1,9,100,4,0,0,0,0,0,0,0,24,30,6.86
,,,,,,,Tottenham,Defender,20,14,1342,0.7,0,1,2,1,12,6,31,5,7,66,4,0,0,0,0,0,0,0,22,17,6.54
,,,,,,,Everton,Midfielder,14,4,371,0.286,0,0,1,0,4,13,7,1,6,33,2,0,0,0,0,0,0,0,11,11,6.52
,,,,,,,West Ham,Midfielder,36,35,3029,0.972,3,4,17,8,37,28,104,12,36,200,7,0,0,0,0,0,0,0,49,49,7.19
,,,,,,,Burnley,Midfielder,31,25,2118,0.806,0,2,10,2,13,7,90,14,41,129,6,0,0,0,0,0,0,0,8,40,6.68
,,,,,,,Sunderland,Attacker,12,9,638,0.75,1,0,9,6,8,14,11,3,2,42,1,0,0,0,0,0,0,0,11,11,6.76
,,,,,,,Brentford,Attacker,10,0,152,0.0,0,1,5,1,2,5,4,1,0,11,0,0,0,0,0,0,0,0,2,0,6.51
,,,,,,,Bournemouth,Midfielder,18,8,905,0.444,0,1,2,0,11,3,25,6,24,42,1,0,1,0,0,0,0,0,5,8,6.86
,,,,,,,Brentford,Midfielder,25,15,1460,0.6,1,4,9,3,21,5,27,8,30,66,8,0,0,0,0,0,0,0,13,20,6.94
,,,,,,,Sunderland,Defender,28,17,1715,0.607,0,0,7,3,8,7,37,10,19,63,2,0,0,0,0,0,0,0,7,15,6.83
,,,,,,,Sunderland,Attacker,31,22,1944,0.71,7,1,29,18,15,2,9,6,0,112,6,0,0,0,0,1,0,0,37,33,6.63
,,,,,,,Nottingham Forest,Goalkeeper,5,5,438,1.0,0,0,0,0,0,0,0,0,0,0,1,0,0,6,8,0,0,0,0,0,6.3
,,,,,,,Nottingham Forest,Attacker,14,6,552,0.429,0,2,7,3,11,8,4,1,0,27,1,0,0,0,0,0,0,0,14,9,6.61
,,,,,,,Burnley,Attacker,24,8,874,0.333,1,1,8,6,5,8,6,0,3,65,0,0,0,0,0,0,0,0,16,14,6.4
,,,,,,,Burnley,Defender,20,17,1578,0.85,0,0,5,3,9,6,27,19,11,69,6,0,0,0,0,0,0,0,10,14,6.85
,,,,,,,Everton,Midfielder,16,6,694,0.375,1,0,7,1,6,3,24,2,4,49,0,0,0,0,0,0,0,0,7,20,6.51
,,,,,,,Chelsea,Attacker,24,14,1283,0.583,1,4,23,7,29,14,16,0,4,56,2,0,0,0,0,0,0,0,23,9,6.77
,,,,,,,Chelsea,Midfielder,1,1,45,1.0,0,0,0,0,2,0,1,0,0,1,0,0,0,0,0,0,0,0,0,0,6.5
,,,,,,,Brighton,Attacker,6,0,73,0.0,0,0,1,1,0,0,1,0,0,1,1,0,0,0,0,0,0,0,0,3,6.44
,,,,,,,Bournemouth,Defender,31,26,2330,0.839,1,0,12,4,14,39,69,11,27,141,10,0,0,0,0,0,0,0,20,35,6.81
,,,,,,,Brighton,Attacker,9,1,164,0.111,1,1,3,1,6,1,3,1,0,5,0,0,0,0,0,0,0,0,1,4,6.58
,,,,,,,Crystal Palace,Midfielder,14,0,193,0.0,0,0,4,2,0,0,1,0,0,16,0,0,0,0,0,1,0,0,7,4,6.45
,,,,,,,Bournemouth,Defender,7,4,375,0.571,0,0,1,0,1,1,5,5,4,17,0,0,0,0,0,0,0,0,0,0,6.78
,,,,,,,Crystal Palace,Defender,20,14,1347,0.7,0,0,7,1,3,2,39,13,12,85,3,0,0,0,0,0,0,0,7,12,6.87
,,,,,,,Aston Villa,Attacker,23,9,891,0.391,0,2,4,3,21,16,6,0,2,27,0,0,0,0,0,0,0,0,2,3,6.65
,,,,,,,Aston Villa,Defender,17,11,985,0.647,0,1,3,0,2,0,7,5,8,19,0,0,0,0,0,0,0,0,1,2,6.67
,,,,,,,Manchester City,Goalkeeper,34,34,3060,1.0,0,0,0,0,1,2,0,0,1,22,8,0,0,78,29,0,0,1,4,0,7.03
,,,,,,,West Ham,Defender,4,1,122,0.25,0,0,0,0,1,0,0,2,1,0,0,0,0,0,0,0,0,0,0,1,6.4
,,,,,,,Wolves,Goalkeeper,3,3,270,1.0,0,0,0,0,0,0,0,0,0,3,0,0,0,7,7,0,0,0,2,0,7.13
,,,,,,,Wolves,Attacker,33,13,1438,0.394,3,1,38,16,11,18,7,2,5,140,1,0,0,0,0,0,1,0,17,18,6.58
,,,,,,,Manchester City,Defender,18,16,1386,0.889,2,2,13,6,6,2,18,10,15,56,2,0,0,0,0,0,0,0,7,16,7.01
,,,,,,,Everton,Defender,7,3,266,0.429,0,0,1,1,0,1,10,2,2,20,0,0,0,0,0,0,0,0,2,2,6.87
,,,,,,,Newcastle,Attacker,33,24,1939,0.727,8,3,24,13,22,13,24,2,5,92,0,0,0,0,0,0,0,0,20,20,6.66
,,,,,,,Manchester United,Goalkeeper,32,32,2880,1.0,0,0,0,0,0,0,1,0,0,11,0,0,0,79,39,0,0,0,4,0,7.01
,,,,,,,Fulham,Attacker,26,9,1037,0.346,1,1,19,10,14,44,21,0,9,90,1,0,0,0,0,1,0,0,17,14,6.75
,,,,,,,Manchester City,Attacker,24,7,858,0.292,1,1,17,11,9,17,9,0,5,41,2,0,0,0,0,1,0,0,15,9,6.76
,,,,,,,West Ham,Midfielder,22,11,998,0.5,1,0,5,2,5,5,40,4,17,73,4,0,0,0,0,0,0,0,17,17,6.72
,,,,,,,Manchester City,Midfielder,2,0,25,0.0,0,0,0,0,2,0,0,0,0,0,0,0,0,0,0,0,0,0,0,1,6.55
,,,,,,,West Ham,Attacker,5,1,121,0.2,0,0,1,0,1,2,1,0,0,3,0,0,0,0,0,0,0,0,0,0,6.42
,,,,,,,Chelsea,Defender,8,6,471,0.75,0,0,0,0,0,0,7,4,10,17,2,0,0,0,0,0,0,0,2,6,6.73
,,,,,,,Nottingham Forest,Defender,5,4,353,0.8,0,0,2,2,5,1,10,1,2,16,0,0,0,0,0,0,0,0,2,1,6.72
,,,,,,,Crystal Palace,Attacker,12,2,416,0.167,2,0,9,6,7,5,8,1,2,28,2,0,0,0,0,0,0,0,7,7,6.58
,,,,,,,Fulham,Attacker,23,10,1075,0.435,3,4,17,7,24,18,6,1,6,43,0,0,0,0,0,0,0,0,12,5,6.89
,,,,,,,Aston Villa,Midfielder,21,7,865,0.333,3,1,14,8,10,12,14,3,2,48,1,0,0,0,0,0,0,0,8,9,6.82
,,,,,,,Manchester City,Midfielder,6,1,146,0.167,0,1,1,0,4,2,2,0,2,6,0,0,0,0,0,0,0,0,2,0,6.8
,,,,,,,Liverpool,Attacker,14,8,714,0.571,3,1,15,6,2,1,7,1,0,17,0,0,0,0,0,0,0,0,1,5,6.51
,,,,,,,Nottingham Forest,Midfielder,27,17,1193,0.63,1,1,10,5,12,6,56,5,7,86,3,0,0,0,0,0,0,0,11,16,6.83
,,,,,,,Burnley,Attacker,7,0,92,0.0,0,0,1,1,0,1,0,0,0,10,2,0,0,0,0,0,0,0,2,2,6.4
,,,,,,,Burnley,Defender,14,14,1202,1.0,1,0,2,1,0,0,14,11,11,38,1,0,0,0,0,0,0,0,2,13,6.53
,,,,,,,Sunderland,Midfielder,12,5,604,0.417,0,1,3,1,2,1,6,1,6,24,1,0,1,0,0,0,0,0,8,6,6.63
,,,,,,,Tottenham,Attacker,30,21,1682,0.7,1,1,15,4,20,28,28,1,3,103,3,0,0,0,0,0,0,0,17,41,6.47
,,,,,,,Arsenal,Midfielder,7,1,108,0.143,0,0,2,1,0,0,3,1,1,5,0,0,0,0,0,0,0,0,0,3,6.53
,,,,,,,Tottenham,Attacker,28,19,1769,0.679,2,5,25,10,35,29,34,1,15,119,5,0,1,0,0,0,0,0,44,21,6.86
,,,,,,,Tottenham,Attacker,2,0,21,0.0,0,0,0,0,0,0,0,0,0,0,0,0,0,0,0,0,0,0,0,1,6.45
,,,,,,,Chelsea,Midfielder,12,4,377,0.333,0,0,2,0,1,3,8,0,5,22,0,0,0,0,0,0,0,0,8,8,6.78
,,,,,,,Fulham,Attacker,7,0,79,0.0,0,0,0,0,1,0,1,0,0,4,1,0,0,0,0,0,0,0,2,4,6.47
,,,,,,,Liverpool,Goalkeeper,3,2,212,0.667,0,0,0,0,0,0,0,0,1,0,0,0,0,9,4,0,0,0,0,0,6.9
,,,,,,,Manchester United,Defender,3,0,32,0.0,0,0,0,0,0,0,3,0,0,3,0,0,0,0,0,0,0,0,0,0,6.57
,,,,,,,Bournemouth,Attacker,23,0,259,0.0,1,0,10,3,1,1,1,1,0,21,1,0,0,0,0,0,0,0,10,6,6.48
,,,,,,,Wolves,Attacker,2,0,31,0.0,0,0,0,0,0,0,3,0,0,4,0,0,0,0,0,0,0,0,1,3,6.45
,,,,,,,West Ham,Midfielder,1,0,8,0.0,0,0,0,0,0,0,0,0,0,0,0,0,0,0,0,0,0,0,0,0,6.5
,,,,,,,Brighton,Midfielder,1,0,1,0.0,0,0,0,0,0,0,0,0,0,0,0,0,0,0,0,0,0,0,0,0,
,,,,,,,Tottenham,Defender,1,0,1,0.0,0,0,0,0,0,0,0,0,0,0,0,0,0,0,0,0,0,0,0,0,
,,,,,,,Manchester United,Midfielder,3,0,107,0.0,0,0,1,0,2,0,5,1,1,7,0,0,0,0,0,0,0,0,1,2,6.57
,,,,,,,Brighton,Attacker,21,2,386,0.095,2,1,16,8,10,11,11,0,1,51,2,0,0,0,0,0,0,0,7,7,6.66
,,,,,,,West Ham,Defender,0,0,15,0.0,0,0,0,0,0,0,0,0,1,0,0,0,0,0,0,0,0,0,0,0,6.3
,,,,,,,Wolves,Attacker,27,19,1799,0.704,3,1,35,17,31,30,27,1,6,112,0,0,0,0,0,2,0,0,47,26,6.9
,,,,,,,Tottenham,Defender,1,0,10,0.0,0,0,0,0,0,0,0,0,0,1,0,0,0,0,0,0,0,0,0,0,6.6
,,,,,,,Brighton,Attacker,1,0,1,0.0,0,0,0,0,0,0,0,0,0,0,0,0,0,0,0,0,0,0,0,0,
,,,,,,,Arsenal,Attacker,14,3,421,0.214,3,0,16,12,3,8,4,0,3,23,3,0,0,0,0,0,0,0,1,9,6.59
,,,,,,,Manchester United,Defender,18,13,1237,0.722,0,0,2,0,5,14,19,12,12,47,0,0,1,0,0,0,0,0,2,9,7.1
,,,,,,,Newcastle,Attacker,19,4,548,0.211,1,0,13,5,3,1,5,1,0,23,3,0,0,0,0,0,0,0,2,6,6.47
,,,,,,,Burnley,Attacker,6,0,63,0.0,0,0,0,0,1,0,1,0,0,1,0,0,0,0,0,0,0,0,0,0,6.47
,,,,,,,Sunderland,Attacker,14,2,412,0.143,0,0,5,2,1,7,5,0,1,24,1,0,0,0,0,0,0,0,8,7,6.5
,,,,,,,Newcastle,Defender,2,0,16,0.0,0,0,0,0,0,0,0,1,1,0,0,0,0,0,0,0,0,0,0,0,6.6
,,,,,,,Aston Villa,Midfielder,2,0,25,0.0,0,0,0,0,0,0,0,0,0,0,0,0,0,0,0,0,0,0,0,1,6.7
,,,,,,,Aston Villa,Defender,6,1,105,0.167,0,0,0,0,0,0,5,1,0,5,0,0,0,0,0,0,0,0,0,1,6.5
,,,,,,,Newcastle,Attacker,1,0,22,0.0,0,0,0,0,0,0,0,0,0,0,0,0,0,0,0,0,0,0,0,0,6.5
,,,,,,,West Ham,Midfielder,11,0,116,0.0,0,0,2,0,1,1,6,1,0,10,2,0,0,0,0,0,0,0,1,4,6.61
,,,,,,,Brentford,Midfielder,4,0,38,0.0,0,0,1,1,1,5,0,0,0,8,0,0,0,0,0,0,0,0,3,2,6.7
,,,,,,,Manchester United,Attacker,3,0,51,0.0,0,0,4,1,0,1,1,0,0,4,0,0,0,0,0,0,0,0,2,2,6.67
,,,,,,,Sunderland,Defender,8,3,329,0.375,0,0,1,0,0,3,8,1,5,18,2,0,0,0,0,0,0,0,2,4,6.67
,,,,,,,Tottenham,Defender,10,5,541,0.5,0,0,3,0,0,1,5,8,16,26,0,0,0,0,0,0,0,0,1,9,6.57
,,,,,,,Manchester United,Attacker,1,0,15,0.0,0,0,0,0,1,0,0,0,0,0,0,0,0,0,0,0,0,0,0,0,6.3
,,,,,,,West Ham,Defender,6,0,119,0.0,0,0,0,0,2,1,0,0,0,4,0,0,0,0,0,0,0,0,0,0,6.7
,,,,,,,Crystal Palace,Attacker,2,0,25,0.0,0,0,0,0,0,0,1,0,0,1,0,0,0,0,0,0,0,0,0,1,6.4
,,,,,,,Manchester United,Midfielder,2,0,17,0.0,0,0,0,0,0,0,0,0,0,0,0,0,0,0,0,0,0,0,0,0,6.7
,,,,,,,Brighton,Midfielder,19,18,1636,0.947,1,3,12,9,39,7,29,4,12,60,2,0,0,0,0,0,0,0,12,17,7.05
,,,,,,,Burnley,Attacker,1,0,9,0.0,0,0,0,0,0,0,0,0,0,1,0,0,0,0,0,0,0,0,1,1,6.5
,,,,,,,Tottenham,Midfielder,1,0,14,0.0,0,0,0,0,0,0,0,0,0,0,0,0,0,0,0,0,0,0,0,0,6.7
,,,,,,,Tottenham,Midfielder,11,7,605,0.636,0,0,4,2,0,3,18,3,9,32,4,0,0,0,0,0,0,0,6,8,6.64
,,,,,,,West Ham,Attacker,18,17,1395,0.944,6,0,42,22,12,2,11,2,6,56,6,0,0,0,0,0,0,0,16,32,6.73
,,,,,,,Tottenham,Midfielder,16,14,1196,0.875,1,1,9,4,13,12,22,4,18,65,2,0,0,0,0,0,0,0,23,25,6.74
,,,,,,,Crystal Palace,Defender,9,6,554,0.667,0,1,4,2,1,1,8,3,4,25,2,0,0,0,0,0,0,0,3,5,6.57
,,,,,,,Manchester City,Defender,2,2,135,1.0,0,0,2,1,1,3,3,0,3,9,0,0,0,0,0,0,0,0,0,0,7.2
,,,,,,,West Ham,Attacker,14,10,826,0.714,0,1,9,3,14,9,25,2,4,60,0,0,0,0,0,0,0,0,8,23,6.51
,,,,,,,Bournemouth,Midfielder,9,2,185,0.222,0,0,2,0,5,1,1,1,3,4,1,0,0,0,0,0,0,0,2,1,6.48
,,,,,,,Brighton,Midfielder,3,1,93,0.333,0,0,0,0,0,2,1,0,0,5,0,0,0,0,0,0,0,0,0,0,6.27
,,,,,,,Brentford,Attacker,1,0,9,0.0,0,0,0,0,0,0,0,0,0,0,0,0,0,0,0,0,0,0,0,1,6.5
,,,,,,,Wolves,Defender,9,3,271,0.333,0,0,3,1,3,1,8,0,5,12,0,0,0,0,0,0,0,0,1,5,6.57
,,,,,,,Wolves,Midfielder,12,7,488,0.583,0,0,6,2,6,4,10,2,0,25,1,0,0,0,0,0,0,0,9,7,6.74
,,,,,,,Aston Villa,Midfielder,13,3,478,0.231,0,1,5,1,12,5,10,0,4,24,1,0,0,0,0,0,0,0,5,6,6.61
,,,,,,,Everton,Defender,10,7,689,0.7,1,0,5,2,3,0,13,2,11,44,1,0,0,0,0,1,0,0,1,3,7.05
,,,,,,,Aston Villa,Attacker,12,2,294,0.167,2,0,6,3,4,1,4,0,0,10,0,0,0,0,0,0,0,0,0,2,6.61
,,,,,,,Wolves,Midfielder,14,14,1146,1.0,2,2,12,6,6,10,8,1,2,30,3,0,0,0,0,0,0,0,3,12,6.54
,,,,,,,West Ham,Defender,14,14,1260,1.0,0,0,4,3,1,2,14,12,11,38,1,0,0,0,0,0,0,0,4,5,6.72
,,,,,,,Nottingham Forest,Defender,7,3,355,0.429,0,0,0,0,2,2,12,3,3,18,0,0,0,0,0,0,0,0,2,5,6.73
,,,,,,,Nottingham Forest,Attacker,4,1,135,0.25,1,0,4,1,1,0,0,0,1,7,0,0,0,0,0,0,0,0,2,1,6.63
,,,,,,,Sunderland,Goalkeeper,3,3,270,1.0,0,0,0,0,0,1,0,0,0,2,0,0,0,10,2,0,0,0,1,0,7.1
,,,,,,,Sunderland,Attacker,8,5,413,0.625,0,0,6,3,3,6,10,0,5,24,1,0,0,0,0,0,0,0,3,11,6.49
,,,,,,,Wolves,Attacker,0,0,26,0.0,1,0,2,1,0,2,1,0,0,3,0,0,0,0,0,0,0,0,0,0,7.2
,,,,,,,Bournemouth,Attacker,15,13,1119,0.867,5,2,17,8,14,13,11,0,8,55,1,0,0,0,0,0,0,0,6,9,6.97
,,,,,,,Tottenham,Defender,4,2,144,0.5,0,0,1,1,3,0,0,0,2,2,1,0,0,0,0,0,0,0,2,3,6.35
,,,,,,,Wolves,Midfielder,1,0,16,0.0,0,0,0,0,0,0,1,0,1,2,0,0,0,0,0,0,0,0,0,0,6.9
,,,,,,,Tottenham,Midfielder,3,0,62,0.0,0,0,1,0,0,0,1,0,0,2,0,0,0,0,0,0,0,0,1,1,6.77
,,,,,,,Brighton,Midfielder,4,0,60,0.0,0,0,1,1,0,0,2,0,0,3,0,0,0,0,0,0,0,0,1,0,6.58
,,,,,,,Chelsea,Defender,3,1,107,0.333,0,0,1,0,0,0,1,1,1,2,0,0,0,0,0,0,0,0,0,0,6.3
,,,,,,,Aston Villa,Attacker,3,0,56,0.0,0,0,1,0,0,2,0,0,1,3,0,0,0,0,0,0,0,0,1,0,6.53
,,,,,,,Sunderland,Midfielder,1,1,39,1.0,0,0,0,0,0,2,1,0,0,4,0,0,0,0,0,0,0,0,1,0,6.6
,,,,,,,Brentford,Midfielder,2,0,21,0.0,0,0,1,0,1,0,0,0,0,0,0,0,0,0,0,0,0,0,0,0,6.5
,,,,,,,Burnley,Attacker,4,0,69,0.0,0,0,2,1,0,1,0,0,0,3,0,0,0,0,0,0,0,0,1,1,6.43
,,,,,,,Chelsea,Defender,3,2,238,0.667,0,0,0,0,0,0,3,3,5,11,0,0,0,0,0,0,0,0,2,1,6.93
,,,,,,,Chelsea,Attacker,1,0,9,0.0,0,0,0,0,0,0,0,0,0,0,0,0,0,0,0,0,0,0,0,0,6.5
,,,,,,,Chelsea,Attacker,1,1,44,1.0,0,0,2,1,0,0,1,0,0,2,0,0,0,0,0,1,0,0,1,0,6.6
